{
  "dataset": "causal_wiki2018_to_wikipedia_september_2007",
  "model": "ilnse_A2_drift_causal_adaptive",
  "feature_set": "A2",
  "drift_method": "jsd",
  "drift_control_mode": "scaled",
  "cache_size_objects": 107371,
  "total_requests": 9000000,
  "warmup_requests": 1000000,
  "slot_size": 100000,
  "slot_log_path": "results/causal_wiki2018_to_wikipedia_september_2007/001_ilnse_A2_drift_causal_adaptive_107371.jsonl",
  "hit_ratio": 0.6273225,
  "cache_hits": 5018580,
  "cache_requests": 8000000,
  "num_slots": 90,
  "warmup_slots": 10,
  "cache_slots": 80,
  "pop_top_percent": 0.2,
  "label_topk_rounding": "floor",
  "label_tie_break": "none",
  "admission_policy": "top_capacity_rate",
  "admission_capacity_alpha": 0.08,
  "num_features": 10,
  "slots_processed": 90,
  "cache_slots_processed": 80,
  "update_slots": 90,
  "miss_requests_total": 2981420,
  "miss_candidates_total": 2801848,
  "score_eval_slots": 80,
  "score_eval_n_avg": 35023.1,
  "score_eval_pos_avg": 4198.975,
  "score_auc_avg": 0.603253945217879,
  "score_ap_avg": 0.20520993675498045,
  "score_precK_avg": 0.24325953911227072,
  "score_acc_avg": 0.881267247642666,
  "score_precK_hr_next_corr": -0.020508966152431363,
  "score_precK_hr_next_n": 79,
  "score_gate_k_avg": 35023.1,
  "score_gate_applied_slots": 0,
  "fill_phase_slots": 0,
  "fill_min_budget_avg": null,
  "pressure_mult_avg": 1.0,
  "score_spread_avg": 0.07456832449148172,
  "quality_mult_avg": 1.0,
  "admission_precision_eff_avg": 0.036433828451459656,
  "score_auc_count": 80,
  "score_ap_count": 80,
  "score_precK_count": 80,
  "score_acc_count": 80,
  "admit_budget_total": 1037564,
  "admit_requests_total": 1037564,
  "reject_requests_total": 1764284,
  "admit_selected_total": 1037564,
  "admit_applied_total": 1025048,
  "admit_true_popular_total": 23308,
  "hits_from_admitted_total": 197705,
  "pollution_total": 1025048,
  "pollution_count": 858721,
  "admission_precision_total": 0.02273844737026949,
  "hit_yield_total": 0.1928738946859074,
  "pollution_rate_total": 0.8377373547385099,
  "miss_rate_avg": 0.3726774999999999,
  "jsd_freq_avg": 0.24297753154070412,
  "topk_overlap_w_avg": 0.5075146854049734,
  "drift_raw_avg": 0.3926822013732978,
  "drift_norm_avg": 0.509843732718437,
  "admission_alpha_avg": 0.12078749861747495,
  "admission_alpha_min": 0.0906741639004054,
  "admission_alpha_max": 0.15620593014579467,
  "avg_update_time_s": 0.6434937720736748,
  "update_time_total_s": 57.91443948663073
}