{
  "trace_path": "data/raw/wiki2018/wiki2018.gz",
  "total_requests": 10000000,
  "warmup_requests": 1000000,
  "slot_size": 100000,
  "num_gaps": 6,
  "feature_set": "A2",
  "feature_windows": {
    "short": 1,
    "mid": 7,
    "long": 30
  },
  "pop_top_percent": 0.2,
  "label_mode": "top_ratio",
  "max_classifiers": 20,
  "warmup_slots": 10,
  "slots_eval": 90,
  "mean": {
    "xu": {
      "ap": 0.5871500759736311,
      "auc": 0.7664610765933393,
      "precK": 0.5243212725839154
    },
    "ma": {
      "ap": 0.5952403299312737,
      "auc": 0.7595370562880425,
      "precK": 0.5453831893482891
    },
    "hist_len<=1": {
      "xu_ap": 0.1364052478426398,
      "ma_ap": 0.14251516497268377,
      "xu_precK": 0.13289849489889632,
      "ma_precK": 0.1326253958305358
    }
  },
  "warmup_mean": {
    "slots_eval": 10,
    "xu": {
      "ap": 0.6479285228078537,
      "auc": 0.7608000781263436,
      "precK": 0.617526602088995
    },
    "ma": {
      "ap": 0.6501888902387047,
      "auc": 0.7503640502117677,
      "precK": 0.642622165805418
    },
    "hist_len<=1": {
      "xu_ap": 0.40689233242055567,
      "ma_ap": 0.33745651690019784,
      "xu_precK": 0.3725889496799498,
      "ma_precK": 0.3279267948643878
    }
  },
  "post_admit": {
    "horizon_slots": 1,
    "admit_k": 0.2,
    "scope": "all",
    "slots_complete": 89,
    "slots_incomplete": 1,
    "mean": {
      "xu": {
        "hit_share": 0.4363111235955056,
        "unique_hit_rate": 0.578969752132007,
        "hits_per_admit": 3.700601578737335,
        "admit_k": 11801.08988764045
      },
      "ma": {
        "hit_share": 0.43519224719101113,
        "unique_hit_rate": 0.5722232383885146,
        "hits_per_admit": 3.6911692514369236,
        "admit_k": 11801.08988764045
      }
    },
    "warmup_mean": {
      "slots_eval": 10,
      "xu": {
        "hit_share": 0.41771900000000006,
        "unique_hit_rate": 0.5322410204585687,
        "hits_per_admit": 3.529452876153062,
        "admit_k": 11842.7
      },
      "ma": {
        "hit_share": 0.39457099999999995,
        "unique_hit_rate": 0.5246828715304012,
        "hits_per_admit": 3.330212316233058,
        "admit_k": 11842.7
      }
    }
  }
}