{
  "trace_path": "data/raw/wikipedia_september_2007/wiki.1190153705.gz",
  "total_requests": 9000000,
  "warmup_requests": 1000000,
  "slot_size": 100000,
  "num_gaps": 6,
  "pop_top_percent": 0.2,
  "label_mode": "capacity",
  "use_freq_feature": true,
  "freq_feature_mode": "log_norm",
  "freq_feature_source": "prev_slot",
  "max_classifiers": 20,
  "warmup_slots": 10,
  "slots_eval": 80,
  "mean": {
    "xu": {
      "ap": 0.5171975068795351,
      "auc": 0.6739630985284671,
      "precK": 0.46792789236913634
    },
    "ma": {
      "ap": 0.5467345266711111,
      "auc": 0.688257399121488,
      "precK": 0.4773559494200942
    },
    "hist_len<=1": {
      "xu_ap": 0.15371744199594226,
      "ma_ap": 0.1803291148548617,
      "xu_precK": 0.1609795121117366,
      "ma_precK": 0.18867547750892305
    }
  },
  "warmup_mean": {
    "slots_eval": 10,
    "xu": {
      "ap": 0.6128309868974048,
      "auc": 0.6875130578131612,
      "precK": 0.5834407754821707
    },
    "ma": {
      "ap": 0.6361118151508016,
      "auc": 0.695630064404126,
      "precK": 0.5808237409577262
    },
    "hist_len<=1": {
      "xu_ap": 0.32718960153280185,
      "ma_ap": 0.3567325866780222,
      "xu_precK": 0.4039219262451249,
      "ma_precK": 0.3639038750432858
    }
  },
  "post_admit": {
    "horizon_slots": 1,
    "admit_k": -1.0,
    "scope": "all",
    "slots_complete": 79,
    "slots_incomplete": 1,
    "mean": {
      "xu": {
        "hit_share": 0.6195911392405064,
        "unique_hit_rate": 0.5268553763481776,
        "hits_per_admit": 7.709788181082747,
        "admit_k": 8036.93670886076
      },
      "ma": {
        "hit_share": 0.6178030379746835,
        "unique_hit_rate": 0.5099555959599813,
        "hits_per_admit": 7.68745221477185,
        "admit_k": 8036.93670886076
      }
    },
    "warmup_mean": {
      "slots_eval": 10,
      "xu": {
        "hit_share": 0.611461,
        "unique_hit_rate": 0.5132274735759532,
        "hits_per_admit": 7.606254136362921,
        "admit_k": 8038.8
      },
      "ma": {
        "hit_share": 0.5282180000000001,
        "unique_hit_rate": 0.49292015169200615,
        "hits_per_admit": 6.569441732340282,
        "admit_k": 8038.8
      }
    }
  }
}