{
  "trace_path": "data/raw/wikipedia_september_2007/wiki.1190153705.gz",
  "total_requests": 9000000,
  "warmup_requests": 1000000,
  "slot_size": 100000,
  "num_gaps": 6,
  "pop_top_percent": 0.2,
  "label_mode": "coverage",
  "use_freq_feature": true,
  "freq_feature_mode": "log_norm",
  "freq_feature_source": "prev_slot",
  "max_classifiers": 20,
  "warmup_slots": 10,
  "slots_eval": 80,
  "mean": {
    "xu": {
      "ap": 0.897303093950177,
      "auc": 0.9923042563328142,
      "precK": 0.7876379796438611
    },
    "ma": {
      "ap": 0.9029281726117467,
      "auc": 0.9916414667154939,
      "precK": 0.8145190472168
    },
    "hist_len<=1": {
      "xu_ap": 0.0677615476120855,
      "ma_ap": 0.0640608872146125,
      "xu_precK": 0.04427869798240169,
      "ma_precK": 0.0294376234191049
    }
  },
  "warmup_mean": {
    "slots_eval": 10,
    "xu": {
      "ap": 0.8689143288895773,
      "auc": 0.9410157560499712,
      "precK": 0.800823713345784
    },
    "ma": {
      "ap": 0.8433320356776693,
      "auc": 0.9266204216201019,
      "precK": 0.7573901738644782
    },
    "hist_len<=1": {
      "xu_ap": 0.03388626632217648,
      "ma_ap": 0.026167415201167787,
      "xu_precK": 0.045455653021442485,
      "ma_precK": 0.04074074074074074
    }
  },
  "post_admit": {
    "horizon_slots": 1,
    "admit_k": -1.0,
    "scope": "all",
    "slots_complete": 79,
    "slots_incomplete": 1,
    "mean": {
      "xu": {
        "hit_share": 0.6179640506329115,
        "unique_hit_rate": 0.5103463194513331,
        "hits_per_admit": 7.689469972941197,
        "admit_k": 8036.93670886076
      },
      "ma": {
        "hit_share": 0.6131969620253165,
        "unique_hit_rate": 0.47226218961115896,
        "hits_per_admit": 7.630104260096427,
        "admit_k": 8036.93670886076
      }
    },
    "warmup_mean": {
      "slots_eval": 10,
      "xu": {
        "hit_share": 0.611301,
        "unique_hit_rate": 0.5124555538054908,
        "hits_per_admit": 7.604264200930968,
        "admit_k": 8038.8
      },
      "ma": {
        "hit_share": 0.569013,
        "unique_hit_rate": 0.4911671809188712,
        "hits_per_admit": 7.077789986248176,
        "admit_k": 8038.8
      }
    }
  }
}