{
  "trace_path": "data/raw/wikipedia_september_2007/wiki.1190153705.gz",
  "total_requests": 9000000,
  "warmup_requests": 1000000,
  "slot_size": 100000,
  "num_gaps": 6,
  "pop_top_percent": 0.2,
  "label_mode": "top_ratio",
  "use_freq_feature": true,
  "freq_feature_mode": "log",
  "freq_feature_source": "prev_slot",
  "max_classifiers": 20,
  "warmup_slots": 10,
  "slots_eval": 80,
  "mean": {
    "xu": {
      "ap": 0.5339328453542536,
      "auc": 0.7145502537274536,
      "precK": 0.493264538591521
    },
    "ma": {
      "ap": 0.5567464055316516,
      "auc": 0.7282265146272661,
      "precK": 0.4817912946923057
    },
    "hist_len<=1": {
      "xu_ap": 0.10979067432683087,
      "ma_ap": 0.13706863820366064,
      "xu_precK": 0.11714788460347791,
      "ma_precK": 0.1554923797516864
    }
  },
  "warmup_mean": {
    "slots_eval": 10,
    "xu": {
      "ap": 0.6254291368165159,
      "auc": 0.7268918064533496,
      "precK": 0.5884666177819458
    },
    "ma": {
      "ap": 0.6514936315871781,
      "auc": 0.7315441706988096,
      "precK": 0.6276677484791178
    },
    "hist_len<=1": {
      "xu_ap": 0.28102174921356066,
      "ma_ap": 0.31802467893631764,
      "xu_precK": 0.3562438746278397,
      "ma_precK": 0.32825124998129757
    }
  },
  "post_admit": {
    "horizon_slots": 1,
    "admit_k": -1.0,
    "scope": "all",
    "slots_complete": 79,
    "slots_incomplete": 1,
    "mean": {
      "xu": {
        "hit_share": 0.6207331645569621,
        "unique_hit_rate": 0.5347390503120618,
        "hits_per_admit": 7.723940500027548,
        "admit_k": 8036.93670886076
      },
      "ma": {
        "hit_share": 0.6156630379746837,
        "unique_hit_rate": 0.4931616118538437,
        "hits_per_admit": 7.6609341312436205,
        "admit_k": 8036.93670886076
      }
    },
    "warmup_mean": {
      "slots_eval": 10,
      "xu": {
        "hit_share": 0.611278,
        "unique_hit_rate": 0.5115878689813217,
        "hits_per_admit": 7.603980944254542,
        "admit_k": 8038.8
      },
      "ma": {
        "hit_share": 0.5681470000000001,
        "unique_hit_rate": 0.49131474479528325,
        "hits_per_admit": 7.06702421610419,
        "admit_k": 8038.8
      }
    }
  }
}