{
  "trace_path": "data/raw/wikipedia_september_2007/wiki.1190153705.gz",
  "total_requests": 9000000,
  "warmup_requests": 1000000,
  "slot_size": 100000,
  "num_gaps": 6,
  "pop_top_percent": 0.2,
  "label_mode": "capacity",
  "use_freq_feature": false,
  "freq_feature_mode": "log",
  "freq_feature_source": "prev_slot",
  "max_classifiers": 20,
  "warmup_slots": 10,
  "slots_eval": 80,
  "mean": {
    "xu": {
      "ap": 0.3161975801248299,
      "auc": 0.591114975646222,
      "precK": 0.29432558209686943
    },
    "ma": {
      "ap": 0.5230159725055239,
      "auc": 0.6775988569606082,
      "precK": 0.4662407345489722
    },
    "hist_len<=1": {
      "xu_ap": 0.14933599589117189,
      "ma_ap": 0.19943508184570247,
      "xu_precK": 0.1560688382184426,
      "ma_precK": 0.18599664163055846
    }
  },
  "warmup_mean": {
    "slots_eval": 10,
    "xu": {
      "ap": 0.61336469555885,
      "auc": 0.6867516597081191,
      "precK": 0.5679578051047348
    },
    "ma": {
      "ap": 0.6419193040084585,
      "auc": 0.6940757156737685,
      "precK": 0.5813803709295795
    },
    "hist_len<=1": {
      "xu_ap": 0.35106200701221846,
      "ma_ap": 0.37120798214567075,
      "xu_precK": 0.38599565657163915,
      "ma_precK": 0.36550717745942546
    }
  },
  "post_admit": {
    "horizon_slots": 1,
    "admit_k": -1.0,
    "scope": "all",
    "slots_complete": 79,
    "slots_incomplete": 1,
    "mean": {
      "xu": {
        "hit_share": 0.1864062025316456,
        "unique_hit_rate": 0.25213074177458006,
        "hits_per_admit": 2.3137884725738544,
        "admit_k": 8036.93670886076
      },
      "ma": {
        "hit_share": 0.5904568354430378,
        "unique_hit_rate": 0.4733295187693,
        "hits_per_admit": 7.344882116438662,
        "admit_k": 8036.93670886076
      }
    },
    "warmup_mean": {
      "slots_eval": 10,
      "xu": {
        "hit_share": 0.6109010000000001,
        "unique_hit_rate": 0.5079304409165968,
        "hits_per_admit": 7.5992912439410345,
        "admit_k": 8038.8
      },
      "ma": {
        "hit_share": 0.566894,
        "unique_hit_rate": 0.48105779370477963,
        "hits_per_admit": 7.051446743502554,
        "admit_k": 8038.8
      }
    }
  }
}