{
  "trace_path": "data/raw/wikipedia_september_2007/wiki.1190153705.gz",
  "total_requests": 9000000,
  "warmup_requests": 1000000,
  "slot_size": 100000,
  "num_gaps": 6,
  "feature_set": "A0",
  "feature_windows": {
    "short": 1,
    "mid": 7,
    "long": 30
  },
  "pop_top_percent": 0.2,
  "label_mode": "top_ratio",
  "max_classifiers": 20,
  "warmup_slots": 10,
  "slots_eval": 80,
  "mean": {
    "xu": {
      "ap": 0.2960764571102392,
      "auc": 0.6220344155846762,
      "precK": 0.25103847616685615
    },
    "ma": {
      "ap": 0.5548446281637639,
      "auc": 0.725283110890527,
      "precK": 0.4924247353111718
    },
    "hist_len<=1": {
      "xu_ap": 0.12074115886847299,
      "ma_ap": 0.15752704596279524,
      "xu_precK": 0.12412238588900806,
      "ma_precK": 0.15743393779548365
    }
  },
  "warmup_mean": {
    "slots_eval": 10,
    "xu": {
      "ap": 0.5665637562589565,
      "auc": 0.7250309362043414,
      "precK": 0.5993944016151127
    },
    "ma": {
      "ap": 0.6510433726298637,
      "auc": 0.7283710205527919,
      "precK": 0.6245079180747866
    },
    "hist_len<=1": {
      "xu_ap": 0.3498411228782317,
      "ma_ap": 0.3425401764901417,
      "xu_precK": 0.3562438746278397,
      "ma_precK": 0.33423309008900376
    }
  },
  "post_admit": {
    "horizon_slots": 1,
    "admit_k": 0.2,
    "scope": "all",
    "slots_complete": 79,
    "slots_incomplete": 1,
    "mean": {
      "xu": {
        "hit_share": 0.1449992405063291,
        "unique_hit_rate": 0.25553763500661447,
        "hits_per_admit": 1.79767891542905,
        "admit_k": 8036.93670886076
      },
      "ma": {
        "hit_share": 0.6087141772151898,
        "unique_hit_rate": 0.4959458308626569,
        "hits_per_admit": 7.574385617426309,
        "admit_k": 8036.93670886076
      }
    },
    "warmup_mean": {
      "slots_eval": 10,
      "xu": {
        "hit_share": 0.6120210000000001,
        "unique_hit_rate": 0.5191452890410985,
        "hits_per_admit": 7.613217205592695,
        "admit_k": 8038.8
      },
      "ma": {
        "hit_share": 0.5668139999999999,
        "unique_hit_rate": 0.4818410697095311,
        "hits_per_admit": 7.050430262859787,
        "admit_k": 8038.8
      }
    }
  }
}