{
  "dataset": "wikipedia_september_2007",
  "model": "gdbt_A2_overhead",
  "feature_set": "A2",
  "cache_size_objects": 12221,
  "total_requests": 9000000,
  "warmup_requests": 1000000,
  "slot_size": 100000,
  "gdbt_n_estimators": 30,
  "gdbt_update_interval": 1000000,
  "pop_top_percent": 0.2,
  "hit_ratio": 0.637376875,
  "cache_hits": 5099015,
  "cache_requests": 8000000,
  "num_rebuilds": 9,
  "slots_processed": 90,
  "avg_feat_time_s": 5.4535659249794355,
  "avg_score_time_s": 15.86312163107149,
  "avg_update_time_s": 2.0110748139106565,
  "avg_slot_time_s": 23.327762369961583,
  "feat_time_total_s": 490.82093324814923,
  "score_time_total_s": 1427.680946796434,
  "update_time_total_s": 180.99673325195909,
  "slot_time_total_s": 2099.4986132965423,
  "max_feature_bytes": 0,
  "rss_max_kb": 2594271232.0,
  "rss_max_mb": 2533468.0,
  "num_features": 10
}