{
  "dataset": "wiki2018",
  "model": "gdbt_A2_overhead",
  "feature_set": "A2",
  "cache_size_objects": 16123,
  "total_requests": 10000000,
  "warmup_requests": 1000000,
  "slot_size": 100000,
  "gdbt_n_estimators": 30,
  "gdbt_update_interval": 1000000,
  "pop_top_percent": 0.2,
  "hit_ratio": 0.4576128888888889,
  "cache_hits": 4118516,
  "cache_requests": 9000000,
  "num_rebuilds": 10,
  "slots_processed": 100,
  "avg_feat_time_s": 4.644713534135372,
  "avg_score_time_s": 16.371690002906835,
  "avg_update_time_s": 2.8522691689350177,
  "avg_slot_time_s": 23.868672705977225,
  "feat_time_total_s": 464.47135341353714,
  "score_time_total_s": 1637.1690002906835,
  "update_time_total_s": 285.22691689350177,
  "slot_time_total_s": 2386.8672705977224,
  "max_feature_bytes": 0,
  "rss_max_kb": 3341434880.0,
  "rss_max_mb": 3263120.0,
  "num_features": 10
}