{
  "trace_path": "data/raw/wiki2018/wiki2018.gz",
  "total_requests": 10000000,
  "warmup_requests": 1000000,
  "slot_size": 100000,
  "num_gaps": 6,
  "pop_top_percent": 0.2,
  "label_mode": "top_ratio",
  "use_freq_feature": true,
  "freq_feature_mode": "log",
  "freq_feature_source": "prev_slot",
  "max_classifiers": 20,
  "warmup_slots": 10,
  "slots_eval": 90,
  "mean": {
    "xu": {
      "ap": 0.5470352541439372,
      "auc": 0.7576212205750578,
      "precK": 0.5086326817436163
    },
    "ma": {
      "ap": 0.5573293538528051,
      "auc": 0.7531570444765527,
      "precK": 0.5010652112615486
    },
    "hist_len<=1": {
      "xu_ap": 0.10126453605415704,
      "ma_ap": 0.12128526830110029,
      "xu_precK": 0.1290799761953886,
      "ma_precK": 0.13478325144984457
    }
  },
  "warmup_mean": {
    "slots_eval": 10,
    "xu": {
      "ap": 0.6425744337119829,
      "auc": 0.7611893976322769,
      "precK": 0.6264012503945414
    },
    "ma": {
      "ap": 0.6989053287895495,
      "auc": 0.767586430814388,
      "precK": 0.6800431117527628
    },
    "hist_len<=1": {
      "xu_ap": 0.3522745708986003,
      "ma_ap": 0.36811662969194825,
      "xu_precK": 0.3784189389368656,
      "ma_precK": 0.3731282855103843
    }
  },
  "post_admit": {
    "horizon_slots": 1,
    "admit_k": -1.0,
    "scope": "all",
    "slots_complete": 89,
    "slots_incomplete": 1,
    "mean": {
      "xu": {
        "hit_share": 0.4290980898876404,
        "unique_hit_rate": 0.5442383214851099,
        "hits_per_admit": 3.638912709107201,
        "admit_k": 11801.08988764045
      },
      "ma": {
        "hit_share": 0.42143977528089877,
        "unique_hit_rate": 0.5060440464862461,
        "hits_per_admit": 3.5727468268597864,
        "admit_k": 11801.08988764045
      }
    },
    "warmup_mean": {
      "slots_eval": 10,
      "xu": {
        "hit_share": 0.417082,
        "unique_hit_rate": 0.5294570897691429,
        "hits_per_admit": 3.5240766404692536,
        "admit_k": 11842.7
      },
      "ma": {
        "hit_share": 0.398867,
        "unique_hit_rate": 0.49351707175833975,
        "hits_per_admit": 3.364244922128369,
        "admit_k": 11842.7
      }
    }
  }
}