{
  "trace_path": "data/raw/wiki2018/wiki2018.gz",
  "total_requests": 10000000,
  "warmup_requests": 1000000,
  "slot_size": 100000,
  "num_gaps": 6,
  "pop_top_percent": 0.2,
  "label_mode": "capacity",
  "use_freq_feature": false,
  "freq_feature_mode": "log_norm",
  "freq_feature_source": "prev_slot",
  "max_classifiers": 20,
  "warmup_slots": 10,
  "slots_eval": 90,
  "mean": {
    "xu": {
      "ap": 0.4407283302837263,
      "auc": 0.6626827818524801,
      "precK": 0.38624256842631927
    },
    "ma": {
      "ap": 0.5401787134047003,
      "auc": 0.7040329877876126,
      "precK": 0.5016642305650029
    },
    "hist_len<=1": {
      "xu_ap": 0.13137297086993766,
      "ma_ap": 0.17984898046973632,
      "xu_precK": 0.13568977309236394,
      "ma_precK": 0.1696039166428669
    }
  },
  "warmup_mean": {
    "slots_eval": 10,
    "xu": {
      "ap": 0.631576541519083,
      "auc": 0.7142158322456357,
      "precK": 0.5888062366684448
    },
    "ma": {
      "ap": 0.6612291543264962,
      "auc": 0.702989315940435,
      "precK": 0.6082545438160951
    },
    "hist_len<=1": {
      "xu_ap": 0.34133579951358384,
      "ma_ap": 0.37788956434107435,
      "xu_precK": 0.3557171248941159,
      "ma_precK": 0.3587944784036175
    }
  },
  "post_admit": {
    "horizon_slots": 1,
    "admit_k": -1.0,
    "scope": "all",
    "slots_complete": 89,
    "slots_incomplete": 1,
    "mean": {
      "xu": {
        "hit_share": 0.24816977528089887,
        "unique_hit_rate": 0.39379292548372224,
        "hits_per_admit": 2.1113971067734467,
        "admit_k": 11801.08988764045
      },
      "ma": {
        "hit_share": 0.41386123595505614,
        "unique_hit_rate": 0.5094085858765738,
        "hits_per_admit": 3.5052910022527364,
        "admit_k": 11801.08988764045
      }
    },
    "warmup_mean": {
      "slots_eval": 10,
      "xu": {
        "hit_share": 0.41757,
        "unique_hit_rate": 0.5315679350657576,
        "hits_per_admit": 3.528217836563144,
        "admit_k": 11842.7
      },
      "ma": {
        "hit_share": 0.3943479999999999,
        "unique_hit_rate": 0.47123763154330495,
        "hits_per_admit": 3.3258732245020157,
        "admit_k": 11842.7
      }
    }
  }
}