{
  "trace_path": "data/raw/wiki2018/wiki2018.gz",
  "total_requests": 10000000,
  "warmup_requests": 1000000,
  "slot_size": 100000,
  "num_gaps": 6,
  "pop_top_percent": 0.2,
  "label_mode": "top_ratio",
  "use_freq_feature": false,
  "freq_feature_mode": "log_norm",
  "freq_feature_source": "prev_slot",
  "max_classifiers": 20,
  "warmup_slots": 10,
  "slots_eval": 90,
  "mean": {
    "xu": {
      "ap": 0.444914070965251,
      "auc": 0.7229056222011337,
      "precK": 0.41583412546902787
    },
    "ma": {
      "ap": 0.5608062592445152,
      "auc": 0.7511334251645307,
      "precK": 0.5221126383321048
    },
    "hist_len<=1": {
      "xu_ap": 0.10821323491048207,
      "ma_ap": 0.1521437518263691,
      "xu_precK": 0.11383008016824843,
      "ma_precK": 0.13664270598863731
    }
  },
  "warmup_mean": {
    "slots_eval": 10,
    "xu": {
      "ap": 0.5954008795526284,
      "auc": 0.7580350371190541,
      "precK": 0.6220165137576972
    },
    "ma": {
      "ap": 0.681298020692451,
      "auc": 0.7434176200088733,
      "precK": 0.6534401536591441
    },
    "hist_len<=1": {
      "xu_ap": 0.38128047982489,
      "ma_ap": 0.3686185695695668,
      "xu_precK": 0.3624077350516339,
      "ma_precK": 0.3695099435865614
    }
  },
  "post_admit": {
    "horizon_slots": 1,
    "admit_k": -1.0,
    "scope": "all",
    "slots_complete": 89,
    "slots_incomplete": 1,
    "mean": {
      "xu": {
        "hit_share": 0.2688285393258427,
        "unique_hit_rate": 0.45010609923289296,
        "hits_per_admit": 2.2869376575931852,
        "admit_k": 11801.08988764045
      },
      "ma": {
        "hit_share": 0.4206052808988765,
        "unique_hit_rate": 0.5169072535900883,
        "hits_per_admit": 3.5649321602432176,
        "admit_k": 11801.08988764045
      }
    },
    "warmup_mean": {
      "slots_eval": 10,
      "xu": {
        "hit_share": 0.41703599999999996,
        "unique_hit_rate": 0.5296729625995876,
        "hits_per_admit": 3.5238769629062388,
        "admit_k": 11842.7
      },
      "ma": {
        "hit_share": 0.39545699999999995,
        "unique_hit_rate": 0.47552156120364797,
        "hits_per_admit": 3.335066350441811,
        "admit_k": 11842.7
      }
    }
  }
}