{
  "dataset": "causal_wikipedia_september_2007_to_wiki2018",
  "model": "ilnse_A2_drift_causal_adaptive",
  "feature_set": "A2",
  "drift_method": "jsd",
  "drift_control_mode": "scaled",
  "cache_size_objects": 21186,
  "total_requests": 9000000,
  "warmup_requests": 1000000,
  "slot_size": 100000,
  "slot_log_path": "results/causal_wikipedia_september_2007_to_wiki2018/001_ilnse_A2_drift_causal_adaptive_21186.jsonl",
  "hit_ratio": 0.5476775,
  "cache_hits": 4381420,
  "cache_requests": 8000000,
  "num_slots": 90,
  "warmup_slots": 10,
  "cache_slots": 80,
  "pop_top_percent": 0.2,
  "label_topk_rounding": "floor",
  "label_tie_break": "none",
  "admission_policy": "top_capacity_rate",
  "admission_capacity_alpha": 0.08,
  "num_features": 10,
  "slots_processed": 90,
  "cache_slots_processed": 80,
  "update_slots": 90,
  "miss_requests_total": 3618580,
  "miss_candidates_total": 3355235,
  "score_eval_slots": 80,
  "score_eval_n_avg": 41940.4375,
  "score_eval_pos_avg": 5596.3625,
  "score_auc_avg": 0.6244656269862581,
  "score_ap_avg": 0.215604802239854,
  "score_precK_avg": 0.25830037014210444,
  "score_acc_avg": 0.8687808938097217,
  "score_precK_hr_next_corr": -0.502512596623952,
  "score_precK_hr_next_n": 79,
  "score_gate_k_avg": 41940.4375,
  "score_gate_applied_slots": 0,
  "fill_phase_slots": 0,
  "fill_min_budget_avg": null,
  "pressure_mult_avg": 1.0,
  "score_spread_avg": 0.14503545610252552,
  "quality_mult_avg": 1.0,
  "admission_precision_eff_avg": 0.18792888220566256,
  "score_auc_count": 80,
  "score_ap_count": 80,
  "score_precK_count": 80,
  "score_acc_count": 80,
  "admit_budget_total": 103535,
  "admit_requests_total": 103535,
  "reject_requests_total": 3251700,
  "admit_selected_total": 103535,
  "admit_applied_total": 102533,
  "admit_true_popular_total": 13393,
  "hits_from_admitted_total": 134473,
  "pollution_total": 102533,
  "pollution_count": 51916,
  "admission_precision_total": 0.13062136092770132,
  "hit_yield_total": 1.3115094652453356,
  "pollution_rate_total": 0.5063345459510596,
  "miss_rate_avg": 0.4523224999999999,
  "jsd_freq_avg": 0.24415386618267446,
  "topk_overlap_w_avg": 0.5064463542068698,
  "drift_raw_avg": 0.39379373394894784,
  "drift_norm_avg": 0.647189016280435,
  "admission_alpha_avg": 0.06106103695331601,
  "admission_alpha_min": 0.045362328517593316,
  "admission_alpha_max": 0.08209006390010433,
  "avg_update_time_s": 0.7617636636442815,
  "update_time_total_s": 68.55872972798534
}