{
  "dataset": "causal_wikipedia_september_2007_to_wiki2018",
  "model": "ilnse_A2_drift_causal_adaptive",
  "feature_set": "A2",
  "drift_method": "jsd",
  "drift_control_mode": "scaled",
  "cache_size_objects": 42373,
  "total_requests": 9000000,
  "warmup_requests": 1000000,
  "slot_size": 100000,
  "slot_log_path": "results/causal_wikipedia_september_2007_to_wiki2018/001_ilnse_A2_drift_causal_adaptive_42373.jsonl",
  "hit_ratio": 0.58631675,
  "cache_hits": 4690534,
  "cache_requests": 8000000,
  "num_slots": 90,
  "warmup_slots": 10,
  "cache_slots": 80,
  "pop_top_percent": 0.2,
  "label_topk_rounding": "floor",
  "label_tie_break": "none",
  "admission_policy": "top_capacity_rate",
  "admission_capacity_alpha": 0.08,
  "num_features": 10,
  "slots_processed": 90,
  "cache_slots_processed": 80,
  "update_slots": 90,
  "miss_requests_total": 3309466,
  "miss_candidates_total": 3098923,
  "score_eval_slots": 80,
  "score_eval_n_avg": 38736.5375,
  "score_eval_pos_avg": 4851.3625,
  "score_auc_avg": 0.6130020244496078,
  "score_ap_avg": 0.20410201733999145,
  "score_precK_avg": 0.24875662465456752,
  "score_acc_avg": 0.8761642669133536,
  "score_precK_hr_next_corr": -0.40592563302493345,
  "score_precK_hr_next_n": 79,
  "score_gate_k_avg": 38736.5375,
  "score_gate_applied_slots": 0,
  "fill_phase_slots": 0,
  "fill_min_budget_avg": null,
  "pressure_mult_avg": 1.0,
  "score_spread_avg": 0.08808116122734684,
  "quality_mult_avg": 1.0,
  "admission_precision_eff_avg": 0.08885413173917185,
  "score_auc_count": 80,
  "score_ap_count": 80,
  "score_precK_count": 80,
  "score_acc_count": 80,
  "admit_budget_total": 383578,
  "admit_requests_total": 383578,
  "reject_requests_total": 2715345,
  "admit_selected_total": 383578,
  "admit_applied_total": 379778,
  "admit_true_popular_total": 20234,
  "hits_from_admitted_total": 176095,
  "pollution_total": 379778,
  "pollution_count": 263801,
  "admission_precision_total": 0.053278494278236235,
  "hit_yield_total": 0.4636787807613922,
  "pollution_rate_total": 0.6946189616038844,
  "miss_rate_avg": 0.41368324999999995,
  "jsd_freq_avg": 0.24415386618267446,
  "topk_overlap_w_avg": 0.5064463542068698,
  "drift_raw_avg": 0.39379373394894784,
  "drift_norm_avg": 0.647189016280435,
  "admission_alpha_avg": 0.11314360203310544,
  "admission_alpha_min": 0.07835354996314882,
  "admission_alpha_max": 0.15620593014579467,
  "avg_update_time_s": 0.7455884387335068,
  "update_time_total_s": 67.1029594860156
}