{
  "dataset": "causal_wikipedia_september_2007_to_wiki2018",
  "model": "ilnse_A2_drift_causal_adaptive",
  "feature_set": "A2",
  "drift_method": "jsd",
  "drift_control_mode": "scaled",
  "cache_size_objects": 84747,
  "total_requests": 9000000,
  "warmup_requests": 1000000,
  "slot_size": 100000,
  "slot_log_path": "results/causal_wikipedia_september_2007_to_wiki2018/001_ilnse_A2_drift_causal_adaptive_84747.jsonl",
  "hit_ratio": 0.616432,
  "cache_hits": 4931456,
  "cache_requests": 8000000,
  "num_slots": 90,
  "warmup_slots": 10,
  "cache_slots": 80,
  "pop_top_percent": 0.2,
  "label_topk_rounding": "floor",
  "label_tie_break": "none",
  "admission_policy": "top_capacity_rate",
  "admission_capacity_alpha": 0.08,
  "num_features": 10,
  "slots_processed": 90,
  "cache_slots_processed": 80,
  "update_slots": 90,
  "miss_requests_total": 3068544,
  "miss_candidates_total": 2879865,
  "score_eval_slots": 80,
  "score_eval_n_avg": 35998.3125,
  "score_eval_pos_avg": 4378.0375,
  "score_auc_avg": 0.6079951095842471,
  "score_ap_avg": 0.20527935171252093,
  "score_precK_avg": 0.25219566070041977,
  "score_acc_avg": 0.879976145459103,
  "score_precK_hr_next_corr": -0.351224384451443,
  "score_precK_hr_next_n": 79,
  "score_gate_k_avg": 35998.3125,
  "score_gate_applied_slots": 0,
  "fill_phase_slots": 0,
  "fill_min_budget_avg": null,
  "pressure_mult_avg": 1.0,
  "score_spread_avg": 0.07876673584924611,
  "quality_mult_avg": 1.0,
  "admission_precision_eff_avg": 0.043178467043316085,
  "score_auc_count": 80,
  "score_ap_count": 80,
  "score_precK_count": 80,
  "score_acc_count": 80,
  "admit_budget_total": 893444,
  "admit_requests_total": 893444,
  "reject_requests_total": 1986421,
  "admit_selected_total": 893444,
  "admit_applied_total": 883424,
  "admit_true_popular_total": 23643,
  "hits_from_admitted_total": 203437,
  "pollution_total": 883424,
  "pollution_count": 718354,
  "admission_precision_total": 0.026762913391531133,
  "hit_yield_total": 0.23028240120259355,
  "pollution_rate_total": 0.8131474807114137,
  "miss_rate_avg": 0.38356800000000013,
  "jsd_freq_avg": 0.24415386618267446,
  "topk_overlap_w_avg": 0.5064463542068698,
  "drift_raw_avg": 0.39379373394894784,
  "drift_norm_avg": 0.647189016280435,
  "admission_alpha_avg": 0.1317751213024348,
  "admission_alpha_min": 0.11340582129398329,
  "admission_alpha_max": 0.15620593014579467,
  "avg_update_time_s": 0.8487455489741276,
  "update_time_total_s": 76.38709940767149
}